{"iter": 2000, "train/loss": 1.5984667539596558, "val/loss": 1.7619354724884033, "lr": 0.0001, "mfu": 0.14614381670245613, "_timestamp": 1700139506.564152, "_runtime": 229.7866370677948, "_step": 8, "_wandb": {"runtime": 228}}