{"iter": 2000, "train/loss": 1.7639760971069336, "val/loss": 1.892534613609314, "lr": 0.0001, "mfu": 0.049585972081045156, "_timestamp": 1699880043.052325, "_runtime": 56.46862196922302, "_step": 8, "_wandb": {"runtime": 55}}