{"iter": 4000, "train/loss": 1.6708513498306274, "val/loss": 1.8170734643936157, "lr": 0.0001, "mfu": 0.049552397284414976, "_timestamp": 1699205029.687243, "_runtime": 114.32580709457397, "_step": 16, "_wandb": {"runtime": 113}}