{"iter": 2000, "train/loss": 2.249375343322754, "val/loss": 2.2704389095306396, "lr": 0.0001, "mfu": 0.007602489639407987, "_timestamp": 1700047422.447988, "_runtime": 26.338256120681763, "_step": 8, "_wandb": {"runtime": 25}}