{"iter": 2000, "train/loss": 1.7639760971069336, "val/loss": 1.892534613609314, "lr": 0.0001, "mfu": 0.047845097924866326, "_timestamp": 1700046420.05258, "_runtime": 58.41544318199158, "_step": 8, "_wandb": {"runtime": 57}}