{"iter": 2000, "train/loss": 1.993626356124878, "val/loss": 2.0723252296447754, "lr": 0.0001, "mfu": 0.022431762099624906, "_timestamp": 1700046783.8122828, "_runtime": 34.19985890388489, "_step": 8, "_wandb": {"runtime": 33}}