{"iter": 2000, "train/loss": 1.5598762035369873, "val/loss": 1.7553457021713257, "lr": 0.0001, "mfu": 0.10662155583515832, "_timestamp": 1700047229.199297, "_runtime": 99.8892228603363, "_step": 8, "_wandb": {"runtime": 98}}