{"iter": 4000, "train/loss": 1.670851469039917, "val/loss": 1.8170734643936157, "lr": 0.0001, "mfu": 0.04785398669878537, "_timestamp": 1699205337.811381, "_runtime": 114.83500099182129, "_step": 16, "_wandb": {"runtime": 113}}