{"iter": 4000, "train/loss": 1.6609697341918945, "val/loss": 1.828121542930603, "lr": 0.0001, "mfu": 0.04730052327762156, "_timestamp": 1700137139.2330828, "_runtime": 109.28798985481262, "_step": 8, "_wandb": {"runtime": 108}}