{"iter": 2000, "train/loss": 1.7639760971069336, "val/loss": 1.892534613609314, "lr": 0.0001, "mfu": 0.047382914346628356, "_timestamp": 1699865898.644214, "_runtime": 57.39492988586426, "_step": 8, "_wandb": {"runtime": 55}}