{"iter": 2000, "train/loss": 1.7639758586883545, "val/loss": 1.892534613609314, "lr": 0.0001, "mfu": 0.04510454457013691, "_timestamp": 1699203906.603759, "_runtime": 58.442047119140625, "_step": 8, "_wandb": {"runtime": 57}}