{"iter": 2000, "train/loss": 1.7639760971069336, "val/loss": 1.892534613609314, "lr": 0.0001, "mfu": 0.049723276156576804, "_timestamp": 1700046655.6973639, "_runtime": 57.07828879356384, "_step": 8, "_wandb": {"runtime": 56}}