{"iter": 2000, "train/loss": 1.7639758586883545, "val/loss": 1.8925344944000244, "lr": 0.0001, "mfu": 0.04715038769775898, "_timestamp": 1699202935.3245819, "_runtime": 70.47328281402588, "_step": 8, "_wandb": {"runtime": 69}}