{"iter": 2000, "train/loss": 1.7639760971069336, "val/loss": 1.892534613609314, "lr": 0.0001, "mfu": 0.04961153387385375, "_timestamp": 1700056893.896021, "_runtime": 56.23941397666931, "_step": 8, "_wandb": {"runtime": 54}}