{"iter": 4000, "train/loss": 1.6609697341918945, "val/loss": 1.828121542930603, "lr": 0.0001, "mfu": 0.04934746844461873, "_timestamp": 1700136985.6060648, "_runtime": 107.89526176452637, "_step": 8, "_wandb": {"runtime": 106}}