{"iter": 2000, "train/loss": 1.993626356124878, "val/loss": 2.0723252296447754, "lr": 0.0001, "mfu": 0.02097169807201867, "_timestamp": 1700046152.046564, "_runtime": 36.816203117370605, "_step": 8, "_wandb": {"runtime": 35}}