{"iter": 2000, "train/loss": 1.6035194396972656, "val/loss": 1.7910645008087158, "lr": 0.0001, "mfu": 0.1810346675448241, "_timestamp": 1700047758.658081, "_runtime": 224.5329761505127, "_step": 8, "_wandb": {"runtime": 223}}