{"iter": 2000, "train/loss": 1.7639758586883545, "val/loss": 1.892534613609314, "lr": 0.0001, "mfu": 0.048820716774834565, "_timestamp": 1699203425.623323, "_runtime": 58.35431385040283, "_step": 8, "_wandb": {"runtime": 57}}